"rows_per_worker","total_rows","requested_workers","effective_workers","single_core_block_seconds","estimated_single_core_seconds","parallel_seconds","estimated_speedup","rows_per_second","fallback_count","max_final_residual","r_version","platform"
87600,87600,1,1,1.1,1.1,1.1,1,79636.3636363636,0,6.19645567212501e-06,"4.6.1","aarch64-apple-darwin25.4.0"
87600,175200,2,2,1.1,2.2,1.597,1.37758296806512,109705.698184095,0,6.19645567212501e-06,"4.6.1","aarch64-apple-darwin25.4.0"
87600,262800,3,3,1.1,3.3,1.779,1.85497470489039,147723.440134907,0,6.19645567212501e-06,"4.6.1","aarch64-apple-darwin25.4.0"
87600,350400,4,4,1.1,4.4,2.083,2.11233797407585,168218.915026404,0,6.19645567212501e-06,"4.6.1","aarch64-apple-darwin25.4.0"
87600,438000,5,5,1.1,5.5,2.289,2.40279598077763,191349.934469201,0,6.19645567212501e-06,"4.6.1","aarch64-apple-darwin25.4.0"
87600,525600,6,6,1.1,6.6,2.752,2.39825581395349,190988.372093023,0,6.19645567212501e-06,"4.6.1","aarch64-apple-darwin25.4.0"
