"revision","rows","repetitions","scalar_seconds","batch_seconds","speedup","max_data_difference","max_Tg_difference","max_Tnwb_difference","batch_fallback_count","batch_max_final_residual","na_aligned"
"apple_m2_max_r_4_6_1",100,3,0.0900000000000001,0.057,1.57894736842105,8.33067112182562e-07,9.71204372035572e-07,9.68715369253914e-07,0,6.27540339337429e-06,TRUE
"apple_m2_max_r_4_6_1",1000,3,0.258,0.0139999999999998,18.4285714285717,8.86652998133286e-07,9.97681468106748e-07,9.84360497113812e-07,0,6.27540339337429e-06,TRUE
"apple_m2_max_r_4_6_1",10000,3,2.68,0.106999999999999,25.0467289719628,1.01100372873475e-06,1.2199344041619e-06,1.19729423886383e-06,0,7.24654046280193e-06,TRUE
"apple_m2_max_r_4_6_1",87600,3,23.708,0.932000000000002,25.4377682403433,1.01100372873475e-06,1.2199344041619e-06,1.19729833158999e-06,0,7.24654046280193e-06,TRUE
