"revision","rows","repetitions","scalar_seconds","batch_seconds","speedup","max_data_difference","max_Tg_difference","max_Tnwb_difference","batch_fallback_count","batch_max_final_residual","na_aligned"
"c_aligned_defaults",100,3,0.118,0.077,1.53246753246753,8.33067112182562e-07,9.71204372035572e-07,9.68715369253914e-07,0,6.27540339337429e-06,TRUE
"c_aligned_defaults",1000,3,0.372,0.0139999999999998,26.571428571429,8.86652998133286e-07,9.97681468106748e-07,9.84360497113812e-07,0,6.27540339337429e-06,TRUE
"c_aligned_defaults",10000,3,4.026,0.104999999999999,38.3428571428576,1.01100372873475e-06,1.2199344041619e-06,1.19729423886383e-06,0,7.24654046280193e-06,TRUE
"c_aligned_defaults",87600,3,36.451,0.909000000000006,40.1001100110008,1.01100372873475e-06,1.2199344041619e-06,1.19729833158999e-06,0,7.24654046280193e-06,TRUE
