"benchmark","rows","scalar_seconds","vector_seconds","speedup","scalar_allocation_bytes","vector_allocation_bytes","equivalent","max_abs_difference","na_count","na_positions","repetitions"
"calZenith",100,0.004,0.001,4,0,155944,TRUE,0,0,"",3
"calZenith",1000,0.044,0.00100000000000011,43.9999999999951,24144,685632,TRUE,0,0,"",3
"calZenith",10000,0.412,0.0150000000000001,27.4666666666664,240144,6885776,TRUE,4.2632564145606e-14,0,"",3
"calZenith",87600,3.624,0.141,25.7021276595745,2102544,60274576,TRUE,4.2632564145606e-14,0,"",3
"wbgt.Liljegren",100,0.0830000000000002,0.0579999999999998,1.43103448275863,270664,194784,TRUE,9.71204372035572e-07,9,"data:13,50,100;Tg:13,50,100;Tnwb:13,50,100",3
"wbgt.Liljegren",1000,0.260999999999999,0.0180000000000007,14.4999999999994,1252912,26018288,TRUE,9.97681468106748e-07,9,"data:13,500,1000;Tg:13,500,1000;Tnwb:13,500,1000",3
"wbgt.Liljegren",10000,2.667,0.111000000000001,24.0270270270269,12511088,267979800,TRUE,1.2199344041619e-06,9,"data:13,5000,10000;Tg:13,5000,10000;Tnwb:13,5000,10000",3
"wbgt.Liljegren",87600,23.726,0.935000000000002,25.3754010695187,109510312,2355732688,TRUE,1.2199344041619e-06,9,"data:13,43800,87600;Tg:13,43800,87600;Tnwb:13,43800,87600",3
